<?xml version='1.0' encoding='UTF-8'?>
<?artifactRepository version='1.1.0'?>
<repository name='file:/C:/Users/antonio/workspace-devkit/sunsetriseconnector/target/update-site/ - artifacts' type='org.eclipse.equinox.p2.artifact.repository.simpleRepository' version='1'>
  <properties size='2'>
    <property name='p2.timestamp' value='1376269410577'/>
    <property name='p2.compressed' value='false'/>
  </properties>
  <mappings size='3'>
    <rule filter='(&amp; (classifier=osgi.bundle))' output='${repoUrl}/plugins/${id}_${version}.jar'/>
    <rule filter='(&amp; (classifier=binary))' output='${repoUrl}/binary/${id}_${version}'/>
    <rule filter='(&amp; (classifier=org.eclipse.update.feature))' output='${repoUrl}/features/${id}_${version}.jar'/>
  </mappings>
  <artifacts size='2'>
    <artifact classifier='org.eclipse.update.feature' id='org.mule.tooling.ui.extension.sunsetriseconnector' version='1.0.0.201308111803'>
      <properties size='4'>
        <property name='artifact.size' value='3980'/>
        <property name='download.size' value='3980'/>
        <property name='download.md5' value='4e9ed4af18db0adb88f1af51b8182ff0'/>
        <property name='download.contentType' value='application/zip'/>
      </properties>
    </artifact>
    <artifact classifier='osgi.bundle' id='org.mule.tooling.ui.contribution.sunsetrise' version='1.0.0.201308111803'>
      <properties size='3'>
        <property name='artifact.size' value='153844'/>
        <property name='download.size' value='153844'/>
        <property name='download.md5' value='418b6242589978c1b88e559d89915762'/>
      </properties>
    </artifact>
  </artifacts>
</repository>
